wine_id,name,vintage,type,country,region,appellation,classification,grapes,price_eur,stock,community,taster,sweet,body,acid,tannin,fruit,pairings
W-001,Alder Bench Cellars,2022,white,United States,California,Napa Valley,,Chardonnay,103.0,11,4.0,3.5,1,5,4,,2,"roast chicken, salmon, shellfish, soft cheese, white fish"
W-002,Alder Creek Wines,2021,white,Australia,South Australia,Clare Valley,,Riesling,24.0,0,3.4,,1,1,4,,5,"aperitif, pork, spicy asian, sushi, white fish"
W-003,Alder Flat Vineyards,2021,red,United States,California,Russian River Valley,,Pinot Noir,66.0,0,3.9,,1,3,4,3,3,"duck, mushrooms, roast chicken, salmon"
W-004,Alder Ranch Wines Ridge Selection,2021,white,Australia,Western Australia,Margaret River,,Chardonnay,30.0,26,3.9,4.0,1,2,4,,3,"risotto, roast chicken, shellfish, white fish"
W-005,Azienda Agricola Camposcuro,2020,red,Italy,Veneto,Valpolicella Ripasso,,Corvina + Rondinella,24.0,29,3.4,3.5,2,3,4,3,4,"charcuterie, pizza, risotto, tomato pasta"
W-006,Azienda Agricola Colledorato,2021,white,Italy,Alto Adige,Alto Adige Gewürztraminer,,Gewürztraminer,50.5,3,3.6,,3,5,3,,5,"curry, foie gras, pork, soft cheese, spicy asian"
W-007,Azienda Agricola Poggiofiorito Campo Grande,2019,red,Italy,Tuscany,Chianti Classico,,Sangiovese,22.5,24,3.3,3.5,1,4,4,4,4,"charcuterie, pizza, steak, tomato pasta"
W-008,Azienda Agricola Poggiofiorito Campo Grande,2020,red,Italy,Tuscany,Chianti Classico,,Sangiovese,14.9,13,3.1,4.0,1,4,4,4,4,"charcuterie, pizza, steak, tomato pasta"
W-009,Azienda Agricola Poggiofiorito Campo Grande,2022,red,Italy,Tuscany,Chianti Classico,,Sangiovese,26.5,26,3.7,,1,4,4,4,4,"charcuterie, pizza, steak, tomato pasta"
W-010,Azienda Agricola Sassodorato,2023,white,Italy,Sicily,Etna Bianco,,Carricante,53.9,2,3.5,4.0,1,3,5,,3,"grilled fish, shellfish, vegetables"
W-011,Azienda Agricola Villanuovo Colle Lungo,2015,red,Italy,Veneto,Amarone della Valpolicella,,Corvina + Corvinone + Rondinella,53.0,17,4.2,4.5,2,5,4,4,4,"game, hard cheese, mushrooms, roast beef"
W-012,Bluestem Bench Estate,2021,red,New Zealand,Central Otago,Central Otago,,Pinot Noir,23.5,5,3.7,,1,2,5,2,3,"duck, mushrooms, risotto, roast chicken, salmon"
W-013,Bluestem Ranch Wine Co.,2023,rose,United States,Oregon,Willamette Valley,,Pinot Noir,25.4,3,4.1,3.5,1,2,4,,4,"aperitif, salad, salmon, soft cheese"
W-014,Bluestem Ridge Vineyard,2023,white,South Africa,Swartland,Swartland,,Chenin Blanc,12.5,31,3.6,,1,5,2,,4,"goat cheese, pork, roast chicken, spicy asian, white fish"
W-015,Bluestem Ridge Vineyards Single Vineyard,2021,red,United States,California,Sonoma Coast,,Pinot Noir,95.0,4,3.8,4.5,1,3,4,4,4,"duck, mushrooms, risotto, roast chicken"
W-016,Bluestem Spring Wine Co. Home Ranch,2022,white,United States,California,Russian River Valley,,Chardonnay,55.4,13,4.3,,1,5,2,,2,"roast chicken, salmon, shellfish, soft cheese, white fish"
W-017,Bluestem Terrace Cellars Estate Selection,2018,red,United States,California,Napa Valley,,Cabernet Sauvignon,230.0,12,4.2,,1,4,3,5,3,"barbecue, game, lamb, roast beef, steak"
W-018,Bluestem Terrace Cellars Estate Selection,2019,red,United States,California,Napa Valley,,Cabernet Sauvignon,315.0,11,4.3,4.5,1,4,3,5,3,"barbecue, game, lamb, roast beef, steak"
W-019,Bluestem Terrace Cellars Estate Selection,2021,red,United States,California,Napa Valley,,Cabernet Sauvignon,340.0,6,4.5,,1,4,3,5,3,"barbecue, game, lamb, roast beef, steak"
W-020,Bodega Cerro Nueva Tierra Alta,2024,white,Spain,Castilla y León,Rueda,,Verdejo,7.0,40,3.4,,1,2,3,,4,"goat cheese, grilled fish, salad, tapas, vegetables"
W-021,Bodega Cumbre Serena,2020,red,Spain,Rioja,Rioja,Crianza,Tempranillo + Grenache + Graciano,24.0,1,3.8,,1,3,4,4,3,"charcuterie, lamb, pork, steak, tapas"
W-022,Bodega Peña Larga,2020,red,Spain,Ribera del Duero,Ribera del Duero,,Tempranillo,53.0,0,3.5,,1,4,4,3,3,"charcuterie, hard cheese, lamb, pork"
W-023,Bodega Sierra Roja La Solana,2018,red,Spain,Ribera del Duero,Ribera del Duero,,Tempranillo,37.5,33,3.8,,1,4,4,4,3,"charcuterie, hard cheese, lamb, pork, steak"
W-024,Bodega Sierra Verde,2020,red,Argentina,Mendoza,Mendoza,,Malbec,9.5,31,3.5,,1,5,2,3,4,"barbecue, hard cheese, lamb, roast beef, steak"
W-025,Bodega Valle Alta Finca Vieja,2019,red,Spain,Catalonia,Priorat,,Grenache + Carignan,101.0,4,3.9,,1,5,2,4,5,"barbecue, lamb, tapas, tomato pasta"
W-026,Bodega Valle Dorada,2024,white,Argentina,Salta,Salta,,Torrontés,6.9,38,3.2,,1,3,3,,5,"aperitif, curry, salad, spicy asian"
W-027,Bodega Valle Larga Heritage,2020,red,Argentina,Mendoza,Valle de Uco,,Malbec,45.0,7,3.9,,1,5,4,5,5,"barbecue, hard cheese, lamb, roast beef, steak"
W-028,Bodega Valle Nueva Block 12,2022,red,Argentina,Mendoza,Mendoza,,Malbec,8.9,36,3.4,4.0,1,5,3,4,4,"barbecue, hard cheese, lamb, steak"
W-029,Bodega Vega Antigua Block 12,2020,red,Argentina,Mendoza,Mendoza,,Malbec,6.4,0,3.2,,1,5,3,3,4,"barbecue, hard cheese, lamb, roast beef, steak"
W-030,Bodega Vega Clara Single Vineyard,2019,red,Uruguay,Canelones,Canelones,,Tannat,17.4,17,3.6,,1,5,4,5,3,"barbecue, charcuterie, duck, game, steak"
W-031,Bodega Vega Nueva,2020,red,Spain,Castilla y León,Bierzo,,Mencía,12.9,8,3.8,4.0,1,2,3,3,4,"charcuterie, duck, pork, roast chicken, tapas"
W-032,Bodegas Casa Alta Finca Vieja,2023,white,Spain,Galicia,Rías Baixas,,Albariño,17.4,21,3.6,,1,3,5,,4,"grilled fish, oysters, shellfish, tapas"
W-033,Bodegas Cumbre Nueva Tierra Alta,,sparkling,Spain,Catalonia,Cava,Brut Nature Reserva,Xarel-lo + Macabeo + Parellada,9.9,17,3.2,4.0,1,3,4,,3,"aperitif, celebration, shellfish, tapas"
W-034,Bodegas Fuente Alta Cepas Viejas,2024,rose,Spain,Navarra,Navarra,,Grenache,10.4,2,3.7,,1,2,4,,4,"charcuterie, pizza, salad, tapas"
W-035,Bodegas Monte Serena Finca Vieja,2018,red,Spain,Ribera del Duero,Ribera del Duero,,Tempranillo,25.0,34,3.7,,1,4,3,3,4,"charcuterie, hard cheese, lamb, pork, steak"
W-036,Bodegas Valle Alta,2018,red,Spain,Rioja,Rioja,Reserva,Tempranillo + Grenache + Graciano,26.5,18,3.7,4.5,1,4,5,4,4,"charcuterie, lamb, pork, tapas"
W-037,Cantina Boscobruno,2021,red,Italy,Veneto,Valpolicella Ripasso,,Corvina + Rondinella,13.5,38,3.5,,1,4,5,2,4,"charcuterie, pizza, risotto, tomato pasta"
W-038,Cantina Boscodorato,2018,red,Italy,Veneto,Amarone della Valpolicella,,Corvina + Corvinone + Rondinella,53.5,19,3.9,,2,5,4,5,5,"game, hard cheese, roast beef, steak"
W-039,Cantina Collechiaro,,sparkling,Italy,Veneto,Prosecco,Superiore DOCG,Glera,16.0,19,3.2,3.5,3,1,3,,4,"aperitif, celebration, fruit dessert, pizza, tapas"
W-040,Cantina Fontesereno,2023,white,Italy,Alto Adige,Alto Adige Pinot Grigio,,Pinot Gris,15.4,25,3.8,,1,2,3,,3,"aperitif, cream pasta, risotto, salad, white fish"
W-041,Cantina Monalto La Quercia,2022,white,Italy,Alto Adige,Alto Adige Pinot Grigio,,Pinot Gris,12.5,13,3.4,,1,3,2,,4,"aperitif, cream pasta, risotto, salad, white fish"
W-042,Cantina Mondorato,,sparkling,Italy,Lombardy,Franciacorta,,Chardonnay + Pinot Noir,34.9,9,3.8,4.5,2,4,3,,2,"aperitif, celebration, risotto, white fish"
W-043,Cantina Monnuovo Podere Vecchio,2022,white,Italy,Veneto,Soave Classico,,Garganega,10.5,14,3.6,,1,2,4,,3,"cream pasta, risotto, salad, white fish"
W-044,Cantina Poggiobruno Vigna del Nonno,2023,white,Italy,Campania,Fiano di Avellino,,Fiano,18.9,6,3.7,,1,4,3,,2,"risotto, roast chicken, soft cheese, white fish"
W-045,Cantina Poggiolungo,2015,red,Italy,Tuscany,Brunello di Montalcino,,Sangiovese,55.0,6,3.8,,1,3,5,5,3,"hard cheese, pizza, pork, steak, tomato pasta"
W-046,Cantina Valsereno,2021,red,Italy,Puglia,Primitivo di Manduria,,Primitivo,17.5,36,3.5,3.5,1,5,2,4,5,"barbecue, hard cheese, pizza, pork, tomato pasta"
W-047,Cantoray & Fils Brut Réserve,,sparkling,France,Champagne,Champagne,Brut Nature,Chardonnay + Pinot Noir + Pinot Meunier,72.0,12,4.1,,1,4,5,,3,"aperitif, celebration, oysters, shellfish, soft cheese"
W-048,Cascina Boscochiaro Bricco Rosso,2020,red,Italy,Piedmont,Langhe Nebbiolo,,Nebbiolo,19.5,0,3.8,,1,4,5,5,2,"game, mushrooms, risotto, roast beef, steak"
W-049,Cascina Camposereno Podere Vecchio,2021,red,Italy,Piedmont,Dolcetto d'Alba,,Dolcetto,8.0,2,3.7,,1,2,2,4,3,"charcuterie, pizza, risotto, tomato pasta"
W-050,Cascina Fontebruno,2024,sparkling,Italy,Piedmont,Moscato d'Asti,,Moscato,6.4,6,4.0,3.5,4,1,3,,5,"aperitif, blue cheese, fruit dessert, pastry"
W-051,Cascina Monbruno Le Rose,2020,red,Italy,Piedmont,Barbera d'Asti,,Barbera,15.5,8,3.7,,1,4,4,3,5,"pizza, pork, risotto, tomato pasta"
W-052,Cascina Monscuro Bricco Rosso,2019,red,Italy,Piedmont,Barbaresco,,Nebbiolo,44.9,1,3.9,4.5,1,3,4,5,3,"mushrooms, risotto, roast beef, steak"
W-053,Cascina Pianbello,2022,white,Italy,Piedmont,Roero Arneis,,Arneis,22.5,3,3.9,,1,3,2,,4,"cream pasta, risotto, soft cheese, vegetables, white fish"
W-054,Cascina Pianfiorito Colle Lungo,2020,red,Italy,Piedmont,Barbaresco,,Nebbiolo,100.0,6,4.0,,1,3,5,5,3,"hard cheese, mushrooms, risotto, roast beef, steak"
W-055,Château Aubières,2016,red,France,Bordeaux,Pauillac,,Cabernet Sauvignon + Merlot + Cabernet Franc,118.0,18,4.0,,1,4,4,5,3,"duck, lamb, mushrooms, roast beef, steak"
W-056,Château Belereau L'Ancienne,2015,white,France,Bordeaux,Sauternes,,Sémillon + Sauvignon Blanc,43.5,2,3.7,4.5,5,4,4,,4,"blue cheese, foie gras, fruit dessert, pastry"
W-057,Château Beleval,2019,red,France,Provence,Bandol,,Mourvèdre + Grenache,101.0,4,3.8,4.0,1,4,3,5,4,"barbecue, game, lamb, mushrooms, pork"
W-058,Château Cantancourt,2017,red,France,Bordeaux,Haut-Médoc,,Cabernet Sauvignon + Merlot,17.9,25,3.6,,1,3,3,4,4,"lamb, pork, roast beef, steak"
W-059,Château Fontancourt,2018,red,France,Bordeaux,Saint-Estèphe,,Cabernet Sauvignon + Merlot,69.0,18,4.0,4.0,1,4,4,5,4,"game, lamb, roast beef, steak, tomato pasta"
W-060,Château Gaumancourt Les Grands Champs,2021,white,France,Alsace,Alsace Gewurztraminer,,Gewürztraminer,27.0,0,3.7,,2,5,2,,5,"curry, foie gras, pork, soft cheese, spicy asian"
W-061,Château Jourdereau Rosé,,sparkling,France,Alsace,Crémant d'Alsace,Rosé,Pinot Noir,13.4,12,4.0,,2,2,3,,4,"aperitif, celebration, fruit dessert, salmon"
W-062,Château Lauvereau,2019,red,France,Bordeaux,Saint-Émilion Grand Cru,,Merlot + Cabernet Franc,84.0,19,4.0,3.5,1,4,2,3,5,"duck, goat cheese, pork, roast beef"
W-063,Château Lauveval Terroir d'Argile,2020,white,France,Bordeaux,Pessac-Léognan,,Sauvignon Blanc + Sémillon,83.0,3,3.7,4.5,1,3,3,,4,"goat cheese, salad, shellfish, soft cheese, white fish"
W-064,Château Malvault Clos du Moulin,2018,red,France,Bordeaux,Pessac-Léognan,,Cabernet Sauvignon + Merlot,53.0,15,4.2,,1,5,4,5,3,"duck, lamb, mushrooms, roast beef, steak"
W-065,Château Malvières,2019,white,France,Bordeaux,Sauternes,,Sémillon + Sauvignon Blanc,54.9,8,4.0,,5,5,3,,5,"blue cheese, foie gras, fruit dessert, pastry"
W-066,Château Montancourt Les Silex,2017,red,France,Bordeaux,Margaux,,Cabernet Sauvignon + Merlot,109.0,0,4.1,4.5,1,5,3,4,4,"barbecue, lamb, roast beef, steak"
W-067,Château Montignac Cuvée Charlotte,2019,red,France,Bordeaux,Pomerol,,Merlot + Cabernet Franc,171.0,3,4.2,,1,3,4,4,5,"duck, pork, roast beef, roast chicken"
W-068,Château Ormaie Clos du Moulin,2016,red,France,Bordeaux,Saint-Estèphe,,Cabernet Sauvignon + Merlot,61.0,6,4.4,,1,3,4,5,3,"hard cheese, lamb, roast beef, steak"
W-069,Château Rochardent Les Grands Champs,2018,red,France,Bordeaux,Pomerol,,Merlot + Cabernet Franc,197.0,0,4.0,,1,3,4,4,3,"duck, mushrooms, pork, roast beef, roast chicken"
W-070,Château Rouvaie,2020,red,France,Bordeaux,Saint-Émilion Grand Cru,,Merlot + Cabernet Franc,99.0,5,3.9,,1,5,2,3,5,"duck, pork, roast beef, roast chicken"
W-071,Château Rouvancourt,2019,red,France,Bordeaux,Saint-Julien,,Cabernet Sauvignon + Merlot,52.0,18,4.6,,1,4,3,5,3,"barbecue, game, lamb, roast beef, steak"
W-072,Château Rouvaval,2019,red,France,Bordeaux,Pauillac,,Cabernet Sauvignon + Merlot + Cabernet Franc,132.0,15,4.2,4.0,1,4,3,5,4,"duck, lamb, roast beef, steak"
W-073,Château Sarrières Les Terrasses,2018,red,France,Rhône Valley,Côte-Rôtie,,Syrah,124.0,12,4.3,,1,5,4,3,3,"barbecue, charcuterie, hard cheese, lamb, steak"
W-074,Château Tarvault Les Silex,2020,white,France,Alsace,Alsace Pinot Gris,,Pinot Gris,51.5,11,3.8,4.0,2,3,2,,4,"aperitif, cream pasta, risotto, salad, white fish"
W-075,Château Valmardent Cuvée Prestige,2025,rose,France,Provence,Côtes de Provence,,Grenache + Cinsault + Syrah + Rolle,22.0,21,3.8,4.0,1,1,4,,3,"aperitif, grilled fish, salad, tapas, vegetables"
W-076,Château Valmouze Les Terrasses,2021,red,France,Bordeaux,Bordeaux Supérieur,,Merlot + Cabernet Sauvignon,9.9,21,3.3,,1,4,4,4,4,"duck, lamb, mushrooms, pork, roast beef"
W-077,Château Vaucancourt Les Grands Champs,2017,red,France,Bordeaux,Haut-Médoc,,Cabernet Sauvignon + Merlot,14.5,28,3.7,,1,4,4,4,3,"barbecue, lamb, roast beef, steak, tomato pasta"
W-078,Château Vaucancourt Les Grands Champs,2018,red,France,Bordeaux,Haut-Médoc,,Cabernet Sauvignon + Merlot,19.0,4,3.9,4.0,1,4,4,4,3,"barbecue, lamb, roast beef, steak, tomato pasta"
W-079,Château Vaucancourt Les Grands Champs,2019,red,France,Bordeaux,Haut-Médoc,,Cabernet Sauvignon + Merlot,11.9,35,3.4,,1,4,4,4,3,"barbecue, lamb, roast beef, steak, tomato pasta"
W-080,Château Vermaval Clos du Moulin,2022,white,France,Loire Valley,Sancerre,,Sauvignon Blanc,39.4,38,3.7,,1,2,5,,3,"goat cheese, salad, vegetables, white fish"
W-081,Château Vermaval Clos du Moulin,2023,white,France,Loire Valley,Sancerre,,Sauvignon Blanc,26.4,19,3.6,,1,2,5,,3,"goat cheese, salad, vegetables, white fish"
W-082,Château Vermaval Clos du Moulin,2024,white,France,Loire Valley,Sancerre,,Sauvignon Blanc,33.0,20,3.9,4.0,1,2,5,,3,"goat cheese, salad, vegetables, white fish"
W-083,Château Vermoray Cuvée Charlotte,2023,white,France,Rhône Valley,Condrieu,,Viognier,148.0,7,4.2,,1,5,2,,4,"curry, pork, roast chicken, shellfish, spicy asian"
W-084,Cobble Peak Vineyard Block 12,2018,red,Australia,South Australia,Barossa Valley,,Syrah,42.9,17,3.8,,1,5,2,5,3,"barbecue, game, lamb, steak"
W-085,Copper Peak Wines Block 12,2021,red,New Zealand,Central Otago,Central Otago,,Pinot Noir,39.0,0,3.6,,1,2,5,3,3,"duck, mushrooms, roast chicken, salmon"
W-086,Domaine Aubaie-Pernellac Terroir d'Argile,2021,white,France,Burgundy,Chablis,,Chardonnay,48.5,0,3.7,,1,3,4,,4,"risotto, roast chicken, shellfish, white fish"
W-087,Domaine Aubaie-Pernellac Terroir d'Argile,2022,white,France,Burgundy,Chablis,,Chardonnay,42.5,1,3.8,4.5,1,3,4,,4,"risotto, roast chicken, shellfish, white fish"
W-088,Domaine Aubaie-Pernellac Terroir d'Argile,2023,white,France,Burgundy,Chablis,,Chardonnay,36.4,38,3.9,4.0,1,3,4,,4,"risotto, roast chicken, shellfish, white fish"
W-089,Domaine Boscobello Estate Selection,2019,red,Greece,Macedonia,Naoussa,,Xinomavro,24.5,25,4.0,4.0,1,3,5,5,3,"hard cheese, lamb, mushrooms, pork, tomato pasta"
W-090,Domaine Brunancourt-Querault,2021,white,France,Burgundy,Chablis,1er Cru,Chardonnay,101.0,35,3.7,4.0,1,3,4,,2,"risotto, roast chicken, salmon, shellfish, white fish"
W-091,Domaine d'Estrereau Cuvée Charlotte,2019,white,France,Loire Valley,Vouvray,Demi-Sec,Chenin Blanc,26.0,35,3.4,,3,2,5,,4,"fruit dessert, goat cheese, pork, roast chicken, spicy asian"
W-092,Domaine d'Ormeval Terroir d'Argile,2022,red,France,Languedoc-Roussillon,Minervois,,Syrah + Grenache + Carignan,6.5,15,3.5,3.5,1,5,4,5,4,"barbecue, lamb, pizza, steak"
W-093,Domaine de Belancourt Les Terrasses,2020,red,France,Rhône Valley,Gigondas,,Grenache + Syrah + Mourvèdre,24.0,23,3.8,,1,5,4,4,4,"barbecue, game, hard cheese, lamb, tomato pasta"
W-094,Domaine de Brunouze,2021,white,France,Loire Valley,Vouvray,Sec,Chenin Blanc,12.4,16,3.5,4.0,1,2,5,,4,"fruit dessert, goat cheese, pork, roast chicken"
W-095,Domaine de Clerouvre,2023,white,France,Alsace,Alsace Riesling,,Riesling,23.9,6,3.8,4.0,1,3,5,,3,"curry, pork, spicy asian, sushi, white fish"
W-096,Domaine de Gaumancourt Cuvée Tradition,2019,red,France,Rhône Valley,Châteauneuf-du-Pape,,Grenache + Syrah + Mourvèdre,89.0,9,4.1,,1,5,3,3,3,"barbecue, lamb, mushrooms, tapas, tomato pasta"
W-097,Domaine de Hautières,2024,white,France,Loire Valley,Muscadet Sèvre-et-Maine,,Melon de Bourgogne,13.0,33,3.6,,1,1,5,,2,"aperitif, oysters, salad, shellfish, white fish"
W-098,Domaine de Hautoray,2025,rose,France,Provence,Côtes de Provence,,Grenache + Cinsault + Syrah + Rolle,16.0,30,3.7,,1,1,4,,4,"aperitif, grilled fish, salad, vegetables"
W-099,Domaine de Lanconne Cuvée Charlotte,2020,white,France,Alsace,Alsace Gewurztraminer,,Gewürztraminer,41.9,19,3.8,,3,3,3,,5,"curry, foie gras, pork, soft cheese, spicy asian"
W-100,Domaine de Lauvaval Cuvée Tradition,2019,white,France,Loire Valley,Vouvray,Sec,Chenin Blanc,14.9,30,3.5,,1,4,4,,3,"goat cheese, pork, roast chicken, spicy asian, white fish"
W-101,Domaine de Lauvignac,2022,red,France,Rhône Valley,Côtes du Rhône,,Grenache + Syrah + Mourvèdre,12.9,17,3.5,,1,4,3,4,4,"barbecue, lamb, pork, tomato pasta"
W-102,Domaine de Lauvonne Terroir d'Argile,2021,red,France,Rhône Valley,Crozes-Hermitage,,Syrah,51.0,31,4.0,,1,3,4,5,4,"barbecue, hard cheese, lamb, steak"
W-103,Domaine de Malvancourt Cuvée Tradition,2022,red,France,Bordeaux,Bordeaux Supérieur,,Merlot + Cabernet Sauvignon,8.9,7,3.4,,1,3,3,3,3,"duck, pork, roast beef, steak"
W-104,Domaine de Malvereau Cuvée Charlotte,2020,red,France,Bordeaux,Margaux,,Cabernet Sauvignon + Merlot,78.0,11,4.0,3.0,1,3,3,4,3,"lamb, roast beef, steak, tomato pasta"
W-105,Domaine de Malvières L'Ancienne,2025,rose,France,Provence,Côtes de Provence,,Grenache + Cinsault + Syrah + Rolle,21.9,39,3.5,,1,1,4,,4,"aperitif, grilled fish, salad, tapas, vegetables"
W-106,Domaine de Malvonne,2021,red,France,South-West France,Cahors,,Malbec + Merlot,12.0,35,3.6,,1,5,3,3,4,"barbecue, hard cheese, lamb, mushrooms, steak"
W-107,Domaine de Rochouvre L'Ancienne,2024,rose,France,Loire Valley,Sancerre,,Pinot Noir,52.9,5,3.9,3.5,1,2,4,,3,"aperitif, goat cheese, salad, salmon"
W-108,Domaine de Rouvaie Les Terrasses,2022,white,France,Loire Valley,Muscadet Sèvre-et-Maine,,Melon de Bourgogne,6.5,4,3.5,,1,2,4,,3,"aperitif, oysters, shellfish, white fish"
W-109,Domaine de Rouvancourt Les Hauts Plans,2020,red,France,South-West France,Cahors,,Malbec + Merlot,25.5,29,3.7,,1,4,3,5,5,"barbecue, lamb, steak, tomato pasta"
W-110,Domaine de Rouvardent L'Ancienne,2020,red,France,Rhône Valley,Crozes-Hermitage,,Syrah,24.5,0,4.2,,1,3,4,3,4,"barbecue, hard cheese, lamb, steak"
W-111,Domaine de Tarvières Les Hauts Plans,2020,red,France,Loire Valley,Chinon,,Cabernet Franc,21.0,40,3.8,,1,3,3,4,3,"duck, lamb, pork, roast chicken"
W-112,Domaine de Valmières Les Hauts Plans,2021,white,France,Alsace,Alsace Riesling,,Riesling,37.5,36,3.7,,1,2,5,,4,"curry, pork, spicy asian, sushi"
W-113,Domaine de Vaucault,2025,rose,France,Provence,Bandol,,Mourvèdre + Grenache + Cinsault,34.5,13,3.9,,1,2,3,,4,"grilled fish, salad, shellfish, tapas"
W-114,Domaine de Vauceval Cuvée Charlotte,2022,red,France,Loire Valley,Chinon,,Cabernet Franc,12.9,9,3.5,,1,2,3,4,4,"charcuterie, duck, goat cheese, pork, roast chicken"
W-115,Domaine de Vauconne Les Terrasses,2020,white,France,Alsace,Alsace Riesling,,Riesling,39.0,23,4.1,,1,3,5,,4,"aperitif, pork, spicy asian, sushi, white fish"
W-116,Domaine de Vermouvre Cuvée Tradition,,sparkling,France,Alsace,Crémant d'Alsace,,Pinot Blanc + Pinot Noir,16.9,38,3.6,4.0,2,3,4,,4,"aperitif, celebration, salad, white fish"
W-117,Domaine des Aubépines,2022,white,France,Rhône Valley,Châteauneuf-du-Pape,,Grenache Blanc + Roussanne + Clairette,104.0,9,3.9,4.0,1,3,3,,2,"grilled fish, mushrooms, roast chicken, salad, tapas"
W-118,Domaine des Cèdres,2021,red,France,Rhône Valley,Gigondas,,Grenache + Syrah + Mourvèdre,35.5,8,3.5,,1,5,2,3,5,"barbecue, lamb, steak, tomato pasta"
W-119,Domaine des Coteaux Dorés,2019,white,France,Jura,Arbois,,Chardonnay + Savagnin,54.0,35,3.8,4.5,1,5,5,,4,"cream pasta, roast chicken, shellfish, white fish"
W-120,Domaine des Fontaines Les Silex,2022,red,France,Languedoc-Roussillon,Minervois,,Syrah + Grenache + Carignan,10.5,37,3.4,,1,4,4,5,3,"barbecue, lamb, steak, tapas"
W-121,Domaine des Genêts L'Ancienne,2020,white,France,Loire Valley,Savennières,,Chenin Blanc,27.4,36,3.4,4.0,1,3,5,,4,"fruit dessert, goat cheese, pork, roast chicken, spicy asian"
W-122,Domaine des Grands Champs Les Silex,2019,red,France,Rhône Valley,Châteauneuf-du-Pape,,Grenache + Syrah + Mourvèdre,73.0,11,3.8,4.5,1,5,4,4,5,"barbecue, lamb, steak, tomato pasta"
W-123,Domaine des Grands Champs Les Silex,2020,red,France,Rhône Valley,Châteauneuf-du-Pape,,Grenache + Syrah + Mourvèdre,89.0,10,3.9,4.0,1,5,4,4,5,"barbecue, lamb, steak, tomato pasta"
W-124,Domaine des Grands Champs Les Silex,2022,red,France,Rhône Valley,Châteauneuf-du-Pape,,Grenache + Syrah + Mourvèdre,103.0,1,4.2,,1,5,4,4,5,"barbecue, lamb, steak, tomato pasta"
W-125,Domaine des Pierres Blanches,,sparkling,France,Loire Valley,Crémant de Loire,,Chenin Blanc + Cabernet Franc + Chardonnay,15.0,29,3.5,,2,2,3,,4,"aperitif, celebration, goat cheese, white fish"
W-126,Domaine des Terrasses La Source,2021,red,France,Beaujolais,Morgon,,Gamay,21.4,18,3.7,4.0,1,3,3,1,5,"charcuterie, pizza, pork, roast chicken, soft cheese"
W-127,Domaine Dorvault-Brunaval Les Terrasses,2022,white,France,Burgundy,Pouilly-Fuissé,,Chardonnay,37.9,2,3.9,3.5,1,3,3,,3,"cream pasta, roast chicken, salmon, shellfish, white fish"
W-128,Domaine Estrancourt-Dorvardent,2022,red,France,Burgundy,Volnay,1er Cru,Pinot Noir,166.0,16,3.8,,1,4,5,4,4,"duck, mushrooms, roast chicken, soft cheese"
W-129,Domaine Estraval-Valmardent Cuvée Prestige,2021,red,France,Burgundy,Gevrey-Chambertin,1er Cru,Pinot Noir,136.0,11,4.2,5.0,1,3,4,4,4,"duck, mushrooms, roast chicken, salmon"
W-130,Domaine Fontault-Ormelle,2022,white,France,Burgundy,Bourgogne Blanc,,Chardonnay,17.0,4,3.9,,1,4,3,,2,"risotto, roast chicken, shellfish, soft cheese, white fish"
W-131,Domaine Fontellac-Vaucelle,2021,red,France,Burgundy,Gevrey-Chambertin,1er Cru,Pinot Noir,86.0,3,4.2,4.0,1,3,5,5,3,"duck, mushrooms, risotto, roast chicken, soft cheese"
W-132,Domaine Gaumeval-Sauvardent,2023,white,France,Burgundy,Chablis,,Chardonnay,23.9,12,4.0,,1,2,4,,3,"cream pasta, risotto, roast chicken, shellfish, white fish"
W-133,Domaine Lancaval-Jourdancourt,2024,white,France,Burgundy,Mâcon-Villages,,Chardonnay,9.4,16,3.6,,1,4,5,,4,"roast chicken, shellfish, soft cheese, white fish"
W-134,Domaine Lancaval-Rouvières,2020,white,France,Burgundy,Chassagne-Montrachet,,Chardonnay,56.4,12,3.8,,1,5,4,,4,"roast chicken, salmon, shellfish, white fish"
W-135,Domaine Lanceval-Rouvouze,2020,red,France,Burgundy,Gevrey-Chambertin,1er Cru,Pinot Noir,102.0,20,3.8,,1,3,4,4,4,"duck, mushrooms, roast chicken, salmon, soft cheese"
W-136,Domaine Malvelle-Lancancourt Clos du Moulin,2024,white,France,Burgundy,Mâcon-Villages,,Chardonnay,11.9,31,3.6,3.5,1,4,4,,2,"roast chicken, salmon, shellfish, soft cheese, white fish"
W-137,Domaine Malvelle-Vaucelle Les Silex,2019,red,France,Burgundy,Pommard,,Pinot Noir,91.0,0,4.1,,1,3,5,4,4,"duck, mushrooms, roast chicken, salmon"
W-138,Domaine Pernières-Rochellac Les Hauts Plans,2020,white,France,Burgundy,Puligny-Montrachet,1er Cru,Chardonnay,445.0,8,4.0,,1,2,4,,2,"cream pasta, roast chicken, salmon, shellfish, white fish"
W-139,Domaine Querereau-Valmeval Les Hauts Plans,2021,red,France,Burgundy,Gevrey-Chambertin,,Pinot Noir,89.0,8,4.5,3.5,1,4,5,4,3,"duck, mushrooms, risotto, roast chicken, salmon"
W-140,Domaine Querouze-Gaumellac,2023,red,France,Burgundy,Bourgogne Rouge,,Pinot Noir,15.4,31,4.1,,1,3,5,4,4,"duck, mushrooms, roast chicken, salmon, soft cheese"
W-141,Domaine Roccascuro Estate Selection,2022,white,Greece,Cyclades,Santorini,,Assyrtiko,47.5,9,4.1,,1,3,5,,2,"grilled fish, salad, shellfish, tapas, vegetables"
W-142,Domaine Rochereau-Fontignac La Source,,sparkling,France,Burgundy,Crémant de Bourgogne,,Pinot Noir + Chardonnay,21.0,26,3.5,,2,3,4,,4,"aperitif, celebration, shellfish, soft cheese"
W-143,Domaine Rouvault-Hautaval,2022,red,France,Burgundy,Chambolle-Musigny,,Pinot Noir,67.0,4,3.8,,1,3,5,2,4,"duck, mushrooms, roast chicken, salmon, soft cheese"
W-144,Domaine Rouvouze-Lancières Clos du Moulin,2021,red,France,Burgundy,Chambolle-Musigny,,Pinot Noir,40.0,0,3.8,,1,2,4,2,3,"duck, mushrooms, roast chicken, soft cheese"
W-145,Domaine Sarraval-Estrignac Cuvée Prestige,2023,red,France,Burgundy,Bourgogne Rouge,,Pinot Noir,19.0,0,3.5,,1,2,4,4,4,"duck, mushrooms, roast chicken, soft cheese"
W-146,Domaine Sarraval-Sauvelle Les Grands Champs,2022,white,France,Burgundy,Bourgogne Blanc,,Chardonnay,20.0,0,3.5,,1,4,4,,4,"risotto, roast chicken, salmon, shellfish, white fish"
W-147,Domaine Sauvancourt-Rochardent Terroir d'Argile,2019,red,France,Burgundy,Pommard,,Pinot Noir,77.0,6,4.0,,1,3,4,3,4,"duck, mushrooms, risotto, roast chicken, salmon"
W-148,Domaine Sauvonne-Montault,2021,white,France,Burgundy,Saint-Aubin,,Chardonnay,52.5,15,3.7,,1,2,5,,3,"risotto, roast chicken, shellfish, white fish"
W-149,Domaine Tarvaie-Fontoray Cuvée Prestige,2020,white,France,Burgundy,Puligny-Montrachet,,Chardonnay,275.0,5,3.9,,1,2,5,,3,"cream pasta, roast chicken, salmon, shellfish, white fish"
W-150,Domaine Tarvonne-Valmereau,2020,white,France,Burgundy,Meursault,,Chardonnay,69.0,1,4.3,,1,4,4,,2,"roast chicken, salmon, shellfish, white fish"
W-151,Domaine Valmellac-Cantouvre,2021,white,France,Burgundy,Pouilly-Fuissé,,Chardonnay,27.4,29,4.0,,1,5,5,,4,"risotto, roast chicken, shellfish, white fish"
W-152,Domaine Vaucereau-Malvonne,2022,white,France,Burgundy,Meursault,,Chardonnay,61.0,17,4.2,,1,5,3,,3,"roast chicken, salmon, shellfish, white fish"
W-153,Domaine Vermières-Hautouze L'Ancienne,2019,red,France,Burgundy,Nuits-Saint-Georges,,Pinot Noir,71.0,2,4.2,,1,2,4,4,3,"duck, mushrooms, risotto, roast chicken, salmon"
W-154,Domaine Vermouvre-Monteval Les Terrasses,2021,red,France,Burgundy,Nuits-Saint-Georges,1er Cru,Pinot Noir,165.0,0,4.2,,1,3,5,5,3,"duck, mushrooms, roast chicken, salmon, soft cheese"
W-155,Fattoria Boscochiaro Vigna del Nonno,,sparkling,Italy,Lombardy,Franciacorta,,Chardonnay + Pinot Noir,51.0,39,3.9,4.0,1,2,3,,3,"aperitif, celebration, risotto, white fish"
W-156,Fattoria Collefiorito Colle Lungo,2015,red,Italy,Tuscany,Brunello di Montalcino,,Sangiovese,54.4,16,4.2,,1,4,5,5,3,"charcuterie, hard cheese, pizza, steak, tomato pasta"
W-157,Fattoria Poggiobello Vigna Alta,2024,rose,Italy,Veneto,Bardolino Chiaretto,,Corvina + Rondinella,10.4,9,3.6,3.5,1,2,4,,4,"aperitif, grilled fish, risotto, salad"
W-158,Finca Cumbre Alta Finca Vieja,2020,red,Spain,Rioja,Rioja,Crianza,Tempranillo + Grenache + Graciano,22.4,3,3.6,,1,5,5,4,4,"charcuterie, lamb, pork, tapas"
W-159,Finca Cumbre Alta Finca Vieja,2021,red,Spain,Rioja,Rioja,Crianza,Tempranillo + Grenache + Graciano,15.0,35,3.2,3.5,1,5,5,4,4,"charcuterie, lamb, pork, tapas"
W-160,Finca Cumbre Alta Finca Vieja,2022,red,Spain,Rioja,Rioja,Crianza,Tempranillo + Grenache + Graciano,26.4,2,3.9,,1,5,5,4,4,"charcuterie, lamb, pork, tapas"
W-161,Finca Monte Roja La Umbría,2023,rose,Spain,Rioja,Rioja Rosado,,Grenache + Tempranillo,11.0,32,3.6,,1,2,3,,3,"charcuterie, grilled fish, salad, tapas"
W-162,Finca Rio Antigua,2022,white,Spain,Castilla y León,Rueda,,Verdejo,6.5,35,3.5,,1,3,3,,4,"grilled fish, salad, tapas, vegetables"
W-163,Finca Vega Larga,,sparkling,Spain,Catalonia,Cava,Brut Nature Reserva,Xarel-lo + Macabeo + Parellada,8.0,4,3.2,,1,2,3,,3,"aperitif, celebration, shellfish, tapas"
W-164,Finca Vega Nueva Viñedo del Cerro,2023,white,Spain,Galicia,Rías Baixas,,Albariño,14.5,31,3.0,,1,3,4,,3,"grilled fish, oysters, shellfish, sushi, tapas"
W-165,Fontereau & Fils Rosé,,sparkling,France,Champagne,Champagne,Rosé,Pinot Noir + Chardonnay + Pinot Meunier,74.0,0,3.9,,2,3,4,,5,"aperitif, celebration, fruit dessert, salmon"
W-166,Fontouze & Fils Blanc de Noirs,,sparkling,France,Champagne,Champagne,Blanc de Noirs,Pinot Noir + Pinot Meunier,89.0,4,3.9,,2,3,5,,4,"celebration, charcuterie, roast chicken, salmon, soft cheese"
W-167,Foxglove Fork Vineyard,2020,red,Australia,Victoria,Yarra Valley,,Pinot Noir,23.4,27,3.6,,1,3,5,3,3,"duck, mushrooms, risotto, roast chicken, salmon"
W-168,Foxglove Hill Wines Hillside Block,2023,white,Australia,South Australia,Adelaide Hills,,Chardonnay,39.0,28,3.4,,1,4,5,,4,"risotto, roast chicken, shellfish, white fish"
W-169,Foxglove Ranch Vineyards,2021,red,United States,Oregon,Willamette Valley,,Pinot Noir,31.9,0,3.9,4.0,1,2,4,4,3,"duck, mushrooms, risotto, roast chicken"
W-170,Granite Crossing Vineyard,2023,white,New Zealand,Marlborough,Marlborough,,Sauvignon Blanc,22.5,0,3.5,,1,1,3,,5,"goat cheese, salad, shellfish, sushi, white fish"
W-171,Granite Crossing Wine Co. Estate Selection,2020,white,United States,California,Sonoma Coast,,Chardonnay,54.9,18,3.9,,1,2,4,,3,"risotto, roast chicken, salmon, shellfish, white fish"
W-172,Granite Run Vineyards Old Vine,2021,red,United States,California,Napa Valley,,Cabernet Sauvignon,156.0,9,4.0,3.0,1,4,3,4,4,"game, lamb, roast beef, steak"
W-173,Juniper Bench Estate,2023,white,South Africa,Swartland,Swartland,,Chenin Blanc,14.0,0,3.8,,1,5,2,,4,"fruit dessert, goat cheese, pork, roast chicken, white fish"
W-174,Juniper Ranch Cellars,2022,white,United States,California,Napa Valley,,Sauvignon Blanc,47.0,9,3.5,,1,2,5,,4,"goat cheese, salad, sushi, white fish"
W-175,Larkspur Flat Vineyards,2020,red,United States,California,Paso Robles,,Zinfandel,20.5,35,3.0,,1,5,3,3,4,"barbecue, charcuterie, pizza, pork, tomato pasta"
W-176,Larkspur Flat Wines Heritage,2019,red,South Africa,Stellenbosch,Stellenbosch,,Cabernet Sauvignon,46.4,4,4.0,,1,5,3,4,3,"barbecue, lamb, roast beef, steak"
W-177,Larkspur Fork Estate Ridge Selection,,sparkling,England,Sussex,English Sparkling Wine,,Chardonnay + Pinot Noir + Pinot Meunier,36.5,27,4.0,4.0,2,3,4,,2,"aperitif, celebration, oysters, salmon"
W-178,Larkspur Ridge Estate Single Vineyard,2021,red,South Africa,Coastal Region,Paarl,,Pinotage,12.9,16,3.6,3.5,1,5,3,5,4,"barbecue, lamb, pork, steak"
W-179,Maison Brunonne,2025,rose,France,Provence,Côtes de Provence,,Grenache + Cinsault + Syrah + Rolle,20.5,1,3.4,,1,3,4,,4,"aperitif, grilled fish, salad, tapas"
W-180,Maison Dorvault,2022,white,France,Loire Valley,Pouilly-Fumé,,Sauvignon Blanc,29.9,1,3.8,,1,2,3,,5,"goat cheese, salad, vegetables, white fish"
W-181,Maison Dorvignac,2017,red,France,Rhône Valley,Hermitage,,Syrah,190.0,6,4.0,4.5,1,4,3,5,3,"barbecue, hard cheese, lamb, steak"
W-182,Maison Estrault Grande Cuvée,,sparkling,France,Champagne,Champagne,Brut Nature,Chardonnay + Pinot Noir + Pinot Meunier,47.0,20,4.0,,1,2,5,,2,"aperitif, celebration, oysters, shellfish"
W-183,Maison Estraval Terroir d'Argile,2021,red,France,Beaujolais,Morgon,,Gamay,23.0,12,3.6,4.0,1,2,3,3,4,"charcuterie, pork, roast chicken, soft cheese, tomato pasta"
W-184,Maison Fonteval L'Ancienne,2021,red,France,Rhône Valley,Côtes du Rhône,,Grenache + Syrah + Mourvèdre,8.4,29,3.1,,1,5,4,3,5,"barbecue, lamb, mushrooms, tomato pasta"
W-185,Maison Jourdeval Blanc de Blancs,,sparkling,France,Champagne,Champagne,Blanc de Blancs,Chardonnay,66.0,3,4.2,4.0,1,2,4,,2,"aperitif, celebration, oysters, shellfish, white fish"
W-186,Maison Lauvières Grande Cuvée,,sparkling,France,Champagne,Champagne,Brut,Chardonnay + Pinot Noir + Pinot Meunier,40.5,19,4.0,,2,2,5,,3,"aperitif, celebration, oysters, shellfish, soft cheese"
W-187,Maison Lauvignac Blanc de Noirs,,sparkling,France,Champagne,Champagne,Blanc de Noirs,Pinot Noir + Pinot Meunier,85.0,0,3.9,,2,3,4,,4,"celebration, charcuterie, roast chicken, salmon, soft cheese"
W-188,Maison Lauvonne Blanc de Blancs,,sparkling,France,Champagne,Champagne,Blanc de Blancs,Chardonnay,45.4,20,4.1,4.5,2,3,5,,3,"celebration, oysters, shellfish, white fish"
W-189,Maison Malvaie Les Hauts Plans,2024,rose,France,Provence,Coteaux d'Aix-en-Provence,,Grenache + Cinsault + Syrah,10.0,20,3.5,,1,2,3,,3,"aperitif, grilled fish, salad, tapas"
W-190,Maison Pernault,,sparkling,France,Alsace,Crémant d'Alsace,,Pinot Blanc + Pinot Noir,16.9,0,3.7,,2,2,4,,4,"aperitif, celebration, salad, white fish"
W-191,Maison Pernaval Cuvée Tradition,2022,white,France,Loire Valley,Sancerre,,Sauvignon Blanc,49.9,7,3.9,,1,2,4,,4,"goat cheese, salad, sushi, vegetables, white fish"
W-192,Maison Querardent,2022,red,France,Rhône Valley,Côtes du Rhône,,Grenache + Syrah + Mourvèdre,8.0,10,3.3,,1,4,4,3,5,"barbecue, game, lamb, mushrooms, tomato pasta"
W-193,Maison Tarvancourt,2022,white,France,Loire Valley,Pouilly-Fumé,,Sauvignon Blanc,31.0,39,3.8,,1,3,3,,3,"goat cheese, salad, sushi, vegetables, white fish"
W-194,Maison Tarvouvre Cuvée Tradition,,sparkling,France,Champagne,Champagne,Extra Brut,Chardonnay + Pinot Noir + Pinot Meunier,98.0,12,3.9,3.5,1,2,5,,2,"aperitif, celebration, oysters, soft cheese"
W-195,Maison Vaucancourt Cuvée Tradition,2023,rose,France,Rhône Valley,Tavel,,Grenache + Cinsault,20.0,33,4.0,,1,4,4,,5,"barbecue, charcuterie, grilled fish, tapas"
W-196,Maison Vermereau Cuvée Tradition,2014,sparkling,France,Champagne,Champagne,Millésimé,Chardonnay + Pinot Noir + Pinot Meunier,104.0,10,4.0,4.5,2,3,5,,2,"aperitif, celebration, oysters, shellfish, soft cheese"
W-197,Malvouze & Fils Rosé,,sparkling,France,Champagne,Champagne,Rosé,Pinot Noir + Chardonnay + Pinot Meunier,78.0,1,3.7,,2,3,4,,5,"aperitif, celebration, fruit dessert, salmon, sushi"
W-198,Meadow Bench Vineyard Hillside Block,2021,red,Australia,South Australia,Barossa Valley,,Syrah,24.9,14,3.6,4.0,1,5,2,4,4,"barbecue, charcuterie, game, lamb, steak"
W-199,Meadow Creek Cellars Old Vine,2020,red,United States,Oregon,Willamette Valley,,Pinot Noir,44.4,24,3.8,,1,4,4,4,3,"duck, mushrooms, roast chicken, soft cheese"
W-200,Poderi Boscodorato Colle Lungo,2021,red,Italy,Abruzzo,Montepulciano d'Abruzzo,,Montepulciano,9.0,0,3.6,3.5,1,3,4,4,4,"barbecue, charcuterie, lamb, pizza, tomato pasta"
W-201,Poderi Boscofiorito Podere Vecchio,2020,red,Italy,Sicily,Etna Rosso,,Nerello Mascalese,29.5,33,4.0,,1,2,5,3,3,"charcuterie, mushrooms, pork, roast chicken"
W-202,Poderi Campochiaro Campo Grande,2023,white,Italy,Piedmont,Gavi,,Cortese,20.5,2,3.7,,1,3,4,,2,"aperitif, risotto, salad, shellfish, white fish"
W-203,Poderi Collebello Le Rose,2020,red,Italy,Abruzzo,Montepulciano d'Abruzzo,,Montepulciano,6.0,23,3.3,,1,3,4,4,4,"barbecue, charcuterie, lamb, pizza, tomato pasta"
W-204,Poderi Collescuro,2019,red,Italy,Tuscany,Bolgheri Superiore,,Cabernet Sauvignon + Merlot + Cabernet Franc,255.0,20,4.2,4.0,1,4,4,4,3,"barbecue, lamb, roast beef, steak"
W-205,Poderi Poggiosereno Campo Grande,2023,rose,Italy,Abruzzo,Cerasuolo d'Abruzzo,,Montepulciano,6.4,30,3.4,,1,4,4,,5,"barbecue, charcuterie, pizza, tomato pasta"
W-206,Poderi Roccadorato Vigna Alta,,sparkling,Italy,Veneto,Prosecco,Extra Dry,Glera,12.9,36,3.2,,3,2,3,,4,"aperitif, celebration, fruit dessert, pizza, tapas"
W-207,Poderi Villanuovo,2022,white,Italy,Marche,Verdicchio dei Castelli di Jesi,,Verdicchio,12.9,0,3.7,4.0,1,3,4,,3,"grilled fish, risotto, shellfish, white fish"
W-208,Quinta da Cabeço Sereno Lote 7,2024,white,Portugal,Minho,Vinho Verde,,Loureiro + Arinto,12.9,11,3.9,3.5,1,1,5,,3,"grilled fish, oysters, salad, shellfish, sushi"
W-209,Quinta da Lagar Sereno Vinhas do Rio,2023,white,Portugal,Minho,Vinho Verde,,Loureiro + Arinto,6.4,9,3.7,,1,2,4,,4,"aperitif, grilled fish, salad, shellfish, sushi"
W-210,Quinta da Pedra Sereno Vinhas do Rio,2021,red,Portugal,Douro,Douro,,Touriga Nacional + Touriga Franca + Tempranillo,13.0,6,3.5,,1,5,3,4,3,"hard cheese, lamb, pork, steak, tapas"
W-211,Quinta de Serra Novo,2021,red,Portugal,Douro,Douro,,Touriga Nacional + Touriga Franca + Tempranillo,16.9,31,3.6,,1,5,2,4,3,"barbecue, hard cheese, lamb, steak"
W-212,Quinta do Vale Longa Vinhas do Rio,2018,red,Portugal,Douro,Douro,,Touriga Nacional + Touriga Franca + Tempranillo,24.5,32,3.1,,1,5,3,5,3,"barbecue, hard cheese, lamb, pork, steak"
W-213,Ridgeline Fork Wines Estate Selection,2023,white,New Zealand,Marlborough,Marlborough,,Sauvignon Blanc,22.5,1,3.6,,1,3,5,,4,"goat cheese, salad, sushi, white fish"
W-214,Ridgeline Hill Estate,2023,white,New Zealand,Marlborough,Marlborough,,Sauvignon Blanc,17.0,11,3.7,,1,3,5,,4,"goat cheese, salad, sushi, white fish"
W-215,Sagebrush Flat Vineyard Hillside Block,,sparkling,England,Sussex,English Sparkling Wine,,Chardonnay + Pinot Noir + Pinot Meunier,51.0,3,3.7,,1,2,5,,2,"aperitif, celebration, oysters, salmon"
W-216,Sagebrush Run Vineyard,2020,red,Australia,South Australia,McLaren Vale,,Grenache + Syrah + Mourvèdre,41.5,25,3.5,,1,5,3,3,3,"barbecue, charcuterie, lamb, pork, tomato pasta"
W-217,Silver Hill Vineyard,2024,rose,South Africa,Swartland,Swartland,,Cinsault + Syrah,17.0,20,3.9,,1,3,3,,5,"barbecue, grilled fish, salad, tapas"
W-218,Tenuta Collerosso Bricco Rosso,2024,rose,Italy,Tuscany,Maremma Toscana,,Sangiovese,13.9,39,3.7,,1,2,4,,4,"grilled fish, pizza, salad, tapas"
W-219,Tenuta Monchiaro Campo Grande,2016,red,Italy,Piedmont,Barolo,,Nebbiolo,73.0,15,3.9,,1,3,4,5,3,"game, hard cheese, mushrooms, risotto, roast beef"
W-220,Tenuta Monchiaro Campo Grande,2018,red,Italy,Piedmont,Barolo,,Nebbiolo,35.0,19,4.1,4.5,1,3,4,5,3,"game, hard cheese, mushrooms, risotto, roast beef"
W-221,Tenuta Monchiaro Campo Grande,2020,red,Italy,Piedmont,Barolo,,Nebbiolo,41.5,15,4.2,,1,3,4,5,3,"game, hard cheese, mushrooms, risotto, roast beef"
W-222,Tenuta Roccalungo,2024,white,Italy,Piedmont,Gavi,,Cortese,14.0,15,3.5,3.5,1,2,5,,2,"aperitif, risotto, salad, shellfish, white fish"
W-223,Tenuta Valchiaro Podere Vecchio,2021,red,Italy,Piedmont,Barbera d'Asti,,Barbera,24.5,24,3.5,,1,3,5,2,5,"charcuterie, pizza, risotto, tomato pasta"
W-224,Tenuta Vallungo Vigna Alta,2023,white,Italy,Sardinia,Vermentino di Gallura,,Vermentino,21.0,9,3.6,4.0,1,3,3,,3,"grilled fish, pizza, salad, shellfish"
W-225,Tenuta Valnuovo Vigna del Nonno,2018,red,Italy,Piedmont,Barolo,,Nebbiolo,61.0,8,4.0,,1,3,4,5,2,"game, mushrooms, risotto, roast beef"
W-226,Tenuta Valverde,2018,red,Italy,Campania,Taurasi,,Aglianico,41.5,13,3.9,,1,5,4,5,3,"barbecue, game, lamb, steak"
W-227,Tenuta Villanuovo,2022,red,Italy,Tuscany,Chianti Classico,,Sangiovese,13.5,3,3.4,,1,3,4,4,4,"charcuterie, hard cheese, pizza, steak, tomato pasta"
W-228,Tenuta Villascuro Vigna Alta,2024,white,Italy,Veneto,Soave Classico,,Garganega,9.5,0,3.4,,1,3,3,,3,"cream pasta, risotto, salad, white fish"
W-229,Thistle Flat Wine Co.,2019,red,United States,Washington,Columbia Valley,,Cabernet Sauvignon + Merlot,53.0,13,4.0,,1,5,3,4,3,"game, lamb, roast beef, steak, tomato pasta"
W-230,Thistle Hill Estate Ridge Selection,2021,red,South Africa,Swartland,Swartland,,Syrah,48.4,0,4.0,,1,5,3,3,4,"barbecue, game, hard cheese, lamb, steak"
W-231,Vaucaie & Fils Cuvée Prestige,,sparkling,France,Champagne,Champagne,Brut,Chardonnay + Pinot Noir + Pinot Meunier,44.5,0,3.9,,2,4,5,,3,"aperitif, celebration, oysters, soft cheese"
W-232,Viña Casa Dorada Block 12,2021,red,Chile,Colchagua Valley,Colchagua Valley,,Carménère,24.5,35,3.6,,1,4,2,4,4,"lamb, pork, steak, tapas"
W-233,Viña Cerro Alta,2023,white,Chile,Casablanca Valley,Casablanca Valley,,Sauvignon Blanc,6.4,34,3.8,,1,1,4,,5,"goat cheese, salad, sushi, vegetables, white fish"
W-234,Viña Monte Clara,2024,white,Spain,Galicia,Rías Baixas,,Albariño,12.4,4,3.7,,1,3,4,,4,"grilled fish, oysters, shellfish, tapas"
W-235,Viña Peña Brava,,sparkling,Spain,Catalonia,Cava,Brut Nature Reserva,Xarel-lo + Macabeo + Parellada,9.4,3,3.3,,1,3,3,,2,"aperitif, celebration, shellfish, tapas"
W-236,Viña Sierra Alta,2019,red,Chile,Colchagua Valley,Colchagua Valley,,Carménère,16.0,37,3.5,,1,5,2,3,4,"barbecue, lamb, pork, steak, tapas"
W-237,Weingut Bergberg Alte Reben,2023,white,Austria,Kamptal,Kamptal,,Grüner Veltliner,13.4,4,3.5,,1,3,5,,3,"pork, roast chicken, salad, vegetables, white fish"
W-238,Weingut Felstal Terrassen,2024,rose,Austria,Lower Austria,Niederösterreich,,Zweigelt,13.5,24,3.5,,1,2,3,,4,"aperitif, pizza, pork, salad"
W-239,Weingut Hanggarten Lage Sonnenhang,2020,white,Germany,Mosel,Mosel Riesling,Kabinett,Riesling,17.5,29,3.7,,3,1,5,,5,"aperitif, pork, spicy asian, sushi"
W-240,Weingut Hanghof,2021,white,Germany,Mosel,Mosel Riesling,Kabinett,Riesling,16.5,1,3.7,4.5,3,1,5,,3,"curry, pork, spicy asian, sushi, white fish"
W-241,Weingut Lindenberg Alte Reben,,sparkling,Germany,Rheinhessen,Sekt,,Riesling,20.5,20,3.4,,1,3,5,,3,"aperitif, celebration, sushi, white fish"
W-242,Weingut Moselhalde Steillage,2020,white,Germany,Mosel,Mosel Riesling,Kabinett,Riesling,14.5,31,3.2,,3,1,5,,4,"curry, pork, spicy asian, sushi, white fish"
W-243,Weingut Moselhalde Steillage,2022,white,Germany,Mosel,Mosel Riesling,Kabinett,Riesling,25.4,22,3.7,4.0,3,1,5,,4,"curry, pork, spicy asian, sushi, white fish"
W-244,Weingut Moselhalde Steillage,2023,white,Germany,Mosel,Mosel Riesling,Kabinett,Riesling,22.0,6,3.9,,3,1,5,,4,"curry, pork, spicy asian, sushi, white fish"
W-245,Weingut Moselhof,2021,white,Germany,Rheingau,Rheingau Riesling,,Riesling,21.9,1,3.9,,1,1,5,,4,"curry, pork, spicy asian, sushi, white fish"
W-246,Weingut Moseltal Lage Sonnenhang,2024,rose,Germany,Baden,Baden,,Pinot Noir,19.4,9,3.5,,1,2,5,,4,"aperitif, pork, salad, salmon"
W-247,Weingut Rebenbach,2022,white,Germany,Pfalz,Pfalz Riesling,,Riesling,14.0,4,3.6,,1,1,4,,4,"aperitif, pork, spicy asian, sushi, white fish"
W-248,Weingut Sonnenhof,2021,red,Austria,Burgenland,Burgenland,,Blaufränkisch,18.5,3,3.3,,1,3,5,3,3,"charcuterie, duck, pork, roast chicken"
W-249,Weingut Sonnental Terrassen,2022,white,Austria,Kamptal,Kamptal,,Grüner Veltliner,13.4,10,3.8,4.0,1,4,3,,4,"pork, salad, vegetables, white fish"
W-250,Willow Fork Wine Co. Ridge Selection,2022,white,United States,California,Santa Barbara County,,Chardonnay,41.5,12,3.9,,1,5,5,,4,"cream pasta, roast chicken, salmon, shellfish, white fish"
